store_id,MAE,RMSE,R2
S1,2.767515155,3.766063298,0.878585184
S2,2.895853601,4.104816088,0.868180121
S3,2.632257169,3.639736259,0.885379593
S4,2.978628933,4.132405847,0.828713586
S5,3.110429882,4.092515494,0.868363537
